id,selector_a,selector_b,full_name,meta
f2ed5f0e-c3b8-4828-8479-ac886a69cb0b,+1-202-469-5294,931088993615309,Jamie Garcia,"{""high_hitter_a"":false,""lat"":-60.992889,""source"":""manual"",""selector_a_type"":""phone"",""high_hitter_b"":false,""other"":""note"",""selector_b_type"":""imei"",""table_name"":""events"",""lon"":-70.070714}"
427dba97-49c7-4b68-a807-55332ba7f7d8,214.145.96.57,+1-310-674-6913,Avery Garcia,"{""selector_a_type"":""ip"",""other"":""note"",""high_hitter_a"":true,""high_hitter_b"":true}"
63215403-b8e5-4933-8aa1-b67167fb754e,633786201884812,749985243809432,Riley Smith,"{""high_hitter_a"":true,""lon"":-126.900028,""table_name"":""sessions"",""source"":""api""}"
60e5e51a-01a7-4fc5-a097-213a7c01ff36,40.218.81.100,811033830295100,Taylor Miller,"{""high_hitter_b"":false,""table_name"":""sessions"",""selector_a_type"":""ip"",""other"":791,""source"":""api""}"
b28c3710-27da-4f02-8057-cbb6a09dadf4,911533738616970,+1-212-904-3100,Casey Johnson,"{""lat"":44.272847,""table_name"":""devices"",""source"":""etl_job"",""selector_b_type"":""phone"",""selector_a_type"":""imei""}"
740b98d7-c916-4c60-899b-47a7e7630cad,+1-305-956-8312,218692112773522,Alex Martinez,"{""selector_b_type"":""imei"",""other"":""note"",""high_hitter_b"":false,""lon"":76.94671,""source"":""manual"",""selector_a_type"":""phone""}"
252ab86b-d45b-4cc6-87e5-eda42fd4d3c2,+1-646-960-6732,239590812730658,Riley Brown,"{""source"":""etl_job"",""other"":""tag"",""high_hitter_b"":true,""selector_b_type"":""imei"",""selector_a_type"":""phone"",""lat"":80.902283,""high_hitter_a"":true,""lon"":-158.833177,""table_name"":""sessions""}"
074b70f8-911f-43b6-b4dd-eeaf5820024f,+1-305-463-5133,024546781043762,Riley Jones,"{""source"":""batch_import"",""selector_a_type"":""phone"",""lon"":62.649258,""high_hitter_b"":true,""selector_b_type"":""imei"",""other"":152}"
458ec0c3-ab83-46f0-8dcb-b1f8b2870381,992461839868128,+1-415-388-1063,Drew Martinez,"{""lon"":92.527126,""selector_a_type"":""imei"",""lat"":56.313781,""high_hitter_b"":true,""selector_b_type"":""phone"",""table_name"":""sessions"",""other"":""note"",""high_hitter_a"":false}"
a9166323-2113-40b3-b656-2a8ab7e21d4e,494489473215131,+1-718-577-4601,Riley Johnson,"{""other"":""note"",""selector_a_type"":""imei"",""table_name"":""events"",""lon"":-148.346771,""lat"":75.867162,""high_hitter_b"":false,""source"":""etl_job"",""selector_b_type"":""phone"",""high_hitter_a"":true}"
3ac78aa5-5f97-4309-88f4-93384f2f51a0,+1-718-578-6345,70.218.175.87,Riley Miller,"{""lon"":-93.214639,""selector_a_type"":""phone"",""high_hitter_b"":true,""other"":""tag""}"
a5d73806-2ec9-427f-9457-f0b8dbe63b23,174.139.157.24,+1-305-897-3699,Quinn Brown,"{""selector_b_type"":""phone"",""high_hitter_a"":false,""selector_a_type"":""ip"",""lon"":-73.415068,""other"":""tag"",""lat"":14.214712,""table_name"":""devices"",""source"":""api"",""high_hitter_b"":true}"
f1cb1fa9-5d9d-4385-a4b0-45bdd0f97ce9,+1-310-374-1939,154.57.136.21,Alex Jones,"{""source"":""etl_job"",""other"":""note"",""high_hitter_b"":true,""selector_a_type"":""phone"",""lon"":17.109498}"
8e927380-6e46-4712-a21e-ac7b2bc19179,228.174.65.19,144.224.25.39,Morgan Miller,"{""high_hitter_b"":false,""source"":""manual"",""other"":""tag"",""lat"":44.462609,""lon"":-146.422045,""selector_b_type"":""ip""}"
b6ccb34b-d6c9-44b9-a61d-6623b7c15357,525690319996501,71.44.5.96,Riley Brown,"{""selector_a_type"":""imei"",""lon"":119.26643,""high_hitter_b"":true,""high_hitter_a"":true,""lat"":18.317649,""table_name"":""sessions"",""selector_b_type"":""ip"",""source"":""api"",""other"":""misc""}"
2840b256-22b2-4d64-afd5-558df420517e,129.98.102.49,11.36.157.103,Casey Lopez,"{""lon"":98.579441,""selector_b_type"":""ip"",""selector_a_type"":""ip"",""source"":""batch_import"",""lat"":-66.348452}"
6392966f-1bf8-4141-bf7a-35185a3461ad,795132447781905,+1-415-875-2138,Avery Smith,"{""table_name"":""sessions"",""other"":""tag"",""source"":""manual"",""high_hitter_b"":true,""lat"":-57.797035,""high_hitter_a"":true}"
8bff8a93-c2f3-456c-86f3-c6a62d1487ef,649004776361744,123329176036354,Quinn Smith,"{""high_hitter_b"":true,""lon"":102.375718,""other"":69,""selector_a_type"":""imei"",""table_name"":""calls"",""source"":""etl_job"",""lat"":-10.409358,""high_hitter_a"":false}"
6039cf8f-4a30-4014-9d21-d5ecdd94f873,926412418609619,045586461383109,Avery Smith,"{""selector_b_type"":""imei"",""other"":410,""lon"":33.248779,""selector_a_type"":""imei"",""source"":""batch_import"",""high_hitter_b"":true}"
48951775-bb3a-4bec-b80d-0c5d40d0a97b,697319516831074,244112977561145,Quinn Brown,"{""table_name"":""sessions"",""lon"":90.224842,""selector_a_type"":""imei"",""high_hitter_b"":true,""high_hitter_a"":true,""selector_b_type"":""imei""}"
622ec483-916c-4f59-bbc6-4a3f25e43f3d,685887506715036,45.110.236.157,Alex Martinez,"{""high_hitter_b"":true,""selector_a_type"":""imei"",""source"":""etl_job"",""lon"":-114.941428,""selector_b_type"":""ip"",""other"":""note"",""lat"":39.314368}"
8e2971a4-b4d9-4935-9153-8c229df9c97f,+1-310-419-6661,83.215.53.240,Alex Davis,"{""other"":""note"",""selector_b_type"":""ip"",""high_hitter_a"":false,""table_name"":""events"",""selector_a_type"":""phone"",""high_hitter_b"":true}"
aa486bb7-853b-4260-b21d-77b4c304aec1,186.35.142.123,327507854734817,Riley Martinez,"{""selector_b_type"":""imei"",""high_hitter_a"":false,""lon"":4.774578,""high_hitter_b"":false,""lat"":-39.797089,""table_name"":""calls""}"
4edab885-c872-4e55-b0c0-7021a98a1bf6,956366954894576,319092305722060,Jamie Williams,"{""source"":""batch_import"",""lat"":-24.372931,""lon"":-120.6243,""selector_b_type"":""imei""}"
154f6e8f-383f-4e35-b17f-132b9fca7691,58.31.99.48,137.57.191.25,Jordan Williams,"{""lat"":27.684077,""other"":""note"",""selector_a_type"":""ip"",""high_hitter_a"":true,""high_hitter_b"":true,""source"":""etl_job""}"
a2f8fd9f-fe5a-485b-943f-60a0d604e91d,144.116.34.143,811100170582605,Casey Johnson,"{""high_hitter_a"":true,""source"":""api"",""selector_b_type"":""imei"",""selector_a_type"":""ip"",""lat"":82.153146}"
484d0b44-ddab-4708-8fd9-28bb59ef8a13,36.145.149.212,021751051710088,Drew Jones,"{""selector_a_type"":""ip"",""other"":""note"",""high_hitter_b"":false,""source"":""batch_import"",""table_name"":""calls"",""selector_b_type"":""imei"",""high_hitter_a"":false}"
c86f77b2-e75f-4f56-a064-c7b1c147fea1,184144177674128,+1-202-367-6103,Quinn Brown,"{""source"":""manual"",""lat"":78.823537,""high_hitter_a"":true,""other"":""note"",""selector_a_type"":""imei"",""lon"":-109.132177,""selector_b_type"":""phone""}"
aff54bff-5806-456f-b591-6a34f16c6e70,197954261846810,712133850707192,Drew Williams,"{""lon"":50.544592,""source"":""api"",""selector_a_type"":""imei"",""selector_b_type"":""imei"",""lat"":56.915045,""table_name"":""sessions"",""other"":""misc"",""high_hitter_a"":false,""high_hitter_b"":false}"
e1fec081-1d15-43a9-890a-5815fdb1d20f,+1-202-243-6863,142040799780386,Morgan Williams,"{""selector_b_type"":""imei"",""high_hitter_b"":true,""table_name"":""devices"",""other"":599}"
3fec07bc-deaa-4030-8398-0303a7650dc2,64.7.151.122,464363655230657,Jamie Smith,"{""other"":""note"",""high_hitter_b"":false,""selector_b_type"":""imei"",""lat"":-9.177769}"
c3098e0e-c7c0-4f36-93ce-76adf425fedd,078806523847270,228.51.95.44,Morgan Davis,"{""lat"":54.860189,""selector_b_type"":""ip"",""table_name"":""devices"",""source"":""api"",""other"":""note"",""lon"":140.526834,""selector_a_type"":""imei"",""high_hitter_b"":true,""high_hitter_a"":true}"
db8debef-00f7-43bb-a938-f75affb42457,+1-718-895-4382,+1-202-714-8015,Morgan Jones,"{""high_hitter_b"":false,""high_hitter_a"":true,""source"":""etl_job"",""table_name"":""events"",""selector_b_type"":""phone"",""selector_a_type"":""phone"",""lat"":14.076543}"
8a835ea5-3848-4151-9214-3082fe0713d3,140.172.109.136,901335520216774,Jordan Martinez,"{""lat"":87.3346,""table_name"":""sessions"",""other"":181,""source"":""etl_job""}"
2c7e0406-76a4-494e-9348-82b111653a1b,74.12.168.1,891817046291938,Jordan Smith,"{""other"":837,""selector_b_type"":""imei"",""source"":""manual"",""lat"":73.536278,""high_hitter_b"":true,""selector_a_type"":""ip"",""high_hitter_a"":true}"
5dad74a8-e8a2-43e0-b1a8-d2670d6a5028,95.96.60.73,+1-212-882-8991,Morgan Miller,"{""source"":""manual"",""table_name"":""events"",""lat"":-40.7053,""other"":422,""lon"":-105.70465,""high_hitter_a"":false}"
55c9981d-4868-4c0b-9dd6-fd4e320078c0,987806545970735,+1-310-888-2970,Alex Johnson,"{""high_hitter_b"":true,""source"":""manual"",""selector_b_type"":""phone"",""lat"":26.408652,""high_hitter_a"":true,""other"":756,""table_name"":""events"",""lon"":144.31892,""selector_a_type"":""imei""}"
18c8836b-d8e1-43aa-a1ad-43f0e819f92d,577004557242852,+1-646-303-4298,Riley Martinez,"{""table_name"":""sessions"",""high_hitter_b"":true,""lat"":-23.827417,""other"":""tag"",""selector_b_type"":""phone"",""lon"":68.059423,""source"":""manual"",""selector_a_type"":""imei""}"
533f6caa-2a7a-4fee-a7c5-8027c49072ac,200.124.75.178,452104639902874,Jamie Garcia,"{""table_name"":""sessions"",""high_hitter_a"":false,""lat"":-59.093619,""selector_a_type"":""ip"",""lon"":64.471618}"
d7132780-92f3-4c4c-b6e0-0a6fc2662e02,+1-646-921-4993,+1-310-524-1075,Jordan Smith,"{""selector_b_type"":""phone"",""lon"":-12.838193,""selector_a_type"":""phone"",""table_name"":""events"",""lat"":65.257883,""source"":""manual"",""other"":""note"",""high_hitter_a"":true,""high_hitter_b"":true}"
154754aa-ae8f-46bd-926e-817c3c18e7a3,218.90.88.232,192.190.225.43,Alex Martinez,"{""lat"":55.49476,""high_hitter_a"":false,""lon"":-81.012131,""table_name"":""events""}"
9627baba-2bd2-4628-bb34-b1417d923dfb,+1-415-488-3648,228.50.59.38,Jordan Davis,"{""table_name"":""events"",""selector_a_type"":""phone"",""other"":""misc"",""lon"":-139.261254,""high_hitter_a"":false,""selector_b_type"":""ip"",""high_hitter_b"":true,""source"":""batch_import""}"
61084a66-8206-472b-aff0-efa256e5fea0,155.182.146.132,+1-718-731-9024,Taylor Lopez,"{""selector_a_type"":""ip"",""lat"":81.515601,""selector_b_type"":""phone"",""high_hitter_b"":false,""other"":""note""}"
20b07516-56c4-4a2c-a45e-1a14c508e010,213.8.75.194,+1-310-684-1170,Drew Brown,"{""selector_b_type"":""phone"",""lon"":101.747276,""lat"":51.431677,""source"":""etl_job"",""table_name"":""calls"",""high_hitter_b"":true,""selector_a_type"":""ip"",""other"":""misc"",""high_hitter_a"":true}"
d7baca40-ff5f-411e-85e0-9a5c4a3104d7,515792068849933,788744283972202,Avery Brown,"{""other"":""misc"",""source"":""manual"",""lat"":73.889271,""selector_a_type"":""imei"",""high_hitter_b"":true,""selector_b_type"":""imei"",""lon"":121.890691}"
80182fc2-964e-48b9-9573-992f6bbec7f8,358745580063247,951561426147096,Alex Davis,"{""high_hitter_b"":false,""high_hitter_a"":false,""selector_a_type"":""imei"",""lon"":-75.252266,""selector_b_type"":""imei"",""table_name"":""sessions"",""other"":""tag""}"
c62d0b10-c3dc-4bbe-b32c-4fa4a3f80c6a,901962741745642,+1-212-526-2606,Avery Smith,"{""high_hitter_b"":true,""lon"":83.609818,""other"":180,""table_name"":""events"",""high_hitter_a"":false,""source"":""api""}"
86957b90-66c2-4724-94da-31b92b131877,915148788742184,132.36.45.13,Riley Lopez,"{""selector_a_type"":""imei"",""lat"":-2.966908,""selector_b_type"":""ip"",""table_name"":""calls""}"
a3c9ac55-f08d-49cc-807c-18ae2a089375,+1-305-492-3259,+1-305-361-6632,Avery Martinez,"{""other"":""note"",""high_hitter_a"":true,""source"":""batch_import"",""lat"":74.253201,""lon"":-170.55961,""selector_b_type"":""phone"",""table_name"":""sessions"",""selector_a_type"":""phone"",""high_hitter_b"":false}"
009294f8-f7f0-468e-ad3f-14f8bc94ea1e,+1-202-469-3493,+1-415-399-7863,Morgan Martinez,"{""high_hitter_a"":true,""lon"":80.128989,""table_name"":""devices"",""other"":""misc""}"
